variant,n_injected,n_iter,p_final_above_capital,p5_final_equity,p50_final_equity,p95_final_equity,median_max_dd_pct,p95_max_dd_pct,p50_total_fixed
pt50,0,10000,0.9398,971608.8667148823,1746899.00831305,2865677.6416365574,13.34280537983667,32.28545707201968,633665.2218861401
pt50,1,10000,0.0027,-581538.7872512138,465727.49296563014,798972.117169319,71.25305123525476,100.0,-242640.02915200975
pt50,2,10000,0.0,-488051.954726096,108163.32719489974,227682.2825716151,91.19834591756359,100.0,-1191576.92661102
pt50,3,10000,0.0,-438707.92368744034,-47087.13835127998,66848.27307769687,100.0,100.0,-2132165.3800107697
hte,0,10000,1.0,2344528.5400457154,3214952.9608662003,4924201.918771193,0.0,0.0,1283789.6747218203
hte,1,10000,0.2533,-817161.13977541,827276.74766652,1312494.9496218548,67.24678182778777,100.0,344513.30008354003
hte,2,10000,0.0,-598967.4366687109,208285.14368099003,346997.65704152716,89.16262674549031,100.0,-623210.76036856
hte,3,10000,0.0,-487766.60382008983,-64376.436351169934,96412.50236611611,100.0,100.0,-1683796.11399928
