{
  "metric": "sharpe",
  "n_combos_evaluated": 296,
  "best": {
    "vix_rich": 18.0,
    "vix_pct_rich": 0.5,
    "iv_rv_rich": 2.0,
    "pullback_atr": 2.0,
    "n": 12.0,
    "win_rate": 0.9166666666666666,
    "avg_pnl_contract": 594.0037097983335,
    "total_pnl_contract": 7128.044517580001,
    "worst_cycle_pnl": -1955.4730265399996,
    "best_cycle_pnl": 1188.71356512,
    "std_pnl_contract": 829.5449742762588,
    "sharpe": 2.4805034980839555,
    "sortino": 0.0,
    "max_loss_rate": 0.0
  },
  "baseline_unfiltered": {
    "n": 82,
    "win_rate": 0.7073170731707317,
    "avg_pnl_contract": -678.6441747636609,
    "total_pnl_contract": -55648.82233062019,
    "worst_cycle_pnl": -9399.1727441,
    "best_cycle_pnl": 1495.31327776,
    "std_pnl_contract": 2788.9507290509455,
    "sharpe": -0.8429307686990273,
    "sortino": -0.8133154891076114,
    "max_loss_rate": 0.07317073170731707
  },
  "top5": [
    {
      "vix_rich": 18.0,
      "vix_pct_rich": 0.5,
      "iv_rv_rich": 2.0,
      "pullback_atr": 2.0,
      "n": 12,
      "win_rate": 0.9166666666666666,
      "avg_pnl_contract": 594.0037097983335,
      "total_pnl_contract": 7128.044517580001,
      "worst_cycle_pnl": -1955.4730265399996,
      "best_cycle_pnl": 1188.71356512,
      "std_pnl_contract": 829.5449742762588,
      "sharpe": 2.4805034980839555,
      "sortino": 0.0,
      "max_loss_rate": 0.0
    },
    {
      "vix_rich": 18.0,
      "vix_pct_rich": 0.5,
      "iv_rv_rich": 2.0,
      "pullback_atr": 1.5,
      "n": 12,
      "win_rate": 0.9166666666666666,
      "avg_pnl_contract": 594.0037097983335,
      "total_pnl_contract": 7128.044517580001,
      "worst_cycle_pnl": -1955.4730265399996,
      "best_cycle_pnl": 1188.71356512,
      "std_pnl_contract": 829.5449742762588,
      "sharpe": 2.4805034980839555,
      "sortino": 0.0,
      "max_loss_rate": 0.0
    },
    {
      "vix_rich": 18.0,
      "vix_pct_rich": 0.8,
      "iv_rv_rich": -2.0,
      "pullback_atr": 1.5,
      "n": 8,
      "win_rate": 0.875,
      "avg_pnl_contract": 467.8000720925001,
      "total_pnl_contract": 3742.400576740001,
      "worst_cycle_pnl": -1955.4730265399996,
      "best_cycle_pnl": 1064.43673374,
      "std_pnl_contract": 996.5334449864997,
      "sharpe": 1.6261441032911255,
      "sortino": 0.0,
      "max_loss_rate": 0.0
    },
    {
      "vix_rich": 18.0,
      "vix_pct_rich": 0.6,
      "iv_rv_rich": 2.0,
      "pullback_atr": 2.0,
      "n": 8,
      "win_rate": 0.875,
      "avg_pnl_contract": 467.8000720925001,
      "total_pnl_contract": 3742.400576740001,
      "worst_cycle_pnl": -1955.4730265399996,
      "best_cycle_pnl": 1064.43673374,
      "std_pnl_contract": 996.5334449864997,
      "sharpe": 1.6261441032911255,
      "sortino": 0.0,
      "max_loss_rate": 0.0
    },
    {
      "vix_rich": 18.0,
      "vix_pct_rich": 0.7,
      "iv_rv_rich": -2.0,
      "pullback_atr": 1.5,
      "n": 8,
      "win_rate": 0.875,
      "avg_pnl_contract": 467.8000720925001,
      "total_pnl_contract": 3742.400576740001,
      "worst_cycle_pnl": -1955.4730265399996,
      "best_cycle_pnl": 1064.43673374,
      "std_pnl_contract": 996.5334449864997,
      "sharpe": 1.6261441032911255,
      "sortino": 0.0,
      "max_loss_rate": 0.0
    }
  ]
}